Type,Content
FAQ,"Q: What are the main goals of the student association? A: Our main goals are to engage in meaningful projects for companies and government, provide leadership opportunities for students, and enhance community involvement."
FAQ,"Q: How can I contact Mukilan for project details? A: You can email Mukilan at mukilan@association.org or visit the office during working hours."
FAQ,"Q: Are there any requirements to join the student association? A: No specific requirements. We welcome all students who are enthusiastic about contributing to our projects and activities."
Meeting Transcript,"Titan Natasen: Good afternoon, everyone. We have several projects lined up for this quarter, including one with the local city council."
Meeting Transcript,"Logesh: I’ll be leading the team that focuses on the council project. Sushanth, could you prepare the initial presentation for the kickoff meeting?"
Meeting Transcript,"Sushanth: Absolutely, I’ll have the presentation ready by Friday. Mukilan, can you assist with organizing the materials?"
Meeting Transcript,"Mukilan: Certainly, I’ll coordinate with the team and make sure everything is set for the meeting."
Announcement,"Reminder: The annual leadership workshop will take place on October 5th. All members are encouraged to attend to develop their skills and network with industry professionals."
Announcement,"Exciting news! Our association has been selected for a new collaboration project with the government. More details will be shared in the upcoming meeting."
General Conversation,"Logesh: I’m interested in the government project. Do you know when the briefing will be?"
General Conversation,"Sushanth: Yes, it’s scheduled for next Tuesday. Mukilan will provide all the details during the meeting."
General Conversation,"Mukilan: How was the event with the company last week?"
General Conversation,"Sushanth: It went really well. Titan Natasen and I presented our proposal, and the company was very impressed with our ideas."
General Conversation,"Logesh: What’s the next big project we’re working on?"
General Conversation,"Sushanth: We’re starting a new initiative with the city’s environmental department. It’s a significant opportunity for us to make an impact."
Project Details,"Project: City Council Community Outreach Description: Develop a comprehensive outreach program to engage local residents in community events and services. Team Lead: Logesh Deadline: November 15"
Project Details,"Project: Environmental Sustainability Initiative Description: Create and implement strategies to promote sustainable practices within the community. Team Lead: Mukilan Deadline: December 1"
Meeting Transcript,"Sushanth: Thanks for coming, everyone. Let’s dive into the details of our upcoming project with the environmental department."
Meeting Transcript,"Logesh: I’ll start with an overview of the project goals and objectives. Sushanth, could you handle the Q&A session at the end?"
Meeting Transcript,"Sushanth: Of course. I’ll make sure to address any questions that come up."
Meeting Transcript,"Titan Natasen: Remember, this project is a great opportunity for us to showcase our capabilities. Let’s put in our best effort."
General Conversation,"Mukilan: Did you hear about the new project with the environmental department?"
General Conversation,"Logesh: Yes, I’m excited! It’s a chance to make a real difference. Mukilan is handling the project, right?"
General Conversation,"Mukilan: That’s right. I’m already working on the initial planning."
General Conversation,"Sushanth: What’s Titan Natasen’s role in the new initiative?"
General Conversation,"Logesh: Titan is overseeing the entire project to ensure everything goes smoothly and that we meet our goals."
Announcement,"Upcoming Event: Join us for a seminar on effective project management strategies, hosted by Titan Natasen. The seminar will be held on September 30th at the university auditorium."
Announcement,"Congratulations to everyone involved in the recent project! Your hard work and dedication have earned us recognition from the local government. Keep up the great work!"
